Sector,Data
0,00000000000000000000000000000000
1,00007E81A58181BD9981817E00000000
2,00007EFFDBFFFFC3E7FFFF7E00000000
3,000000006CFEFEFEFE7C381000000000
4,0000000010387CFE7C38100000000000
5,000000183C3CE7E7E718183C00000000
6,000000183C7EFFFF7E18183C00000000
7,000000000000183C3C18000000000000
8,FFFFFFFFFFFFE7C3C3E7FFFFFFFFFFFF
9,00000000003C664242663C0000000000
10,FFFFFFFFFFC399BDBD99C3FFFFFFFFFF
11,00001E0E1A3278CCCCCCCC7800000000
12,00003C6666663C187E18181800000000
13,00003F333F3030303070F0E000000000
14,00007F637F6363636367E7E6C0000000
15,000018DB7E3C66663C7EDB1800000000
16,0080C0E0F0F8FEF8F0E0C08000000000
17,0002060E1E3EFE3E1E0E060200000000
18,0000183C7E181818187E3C1800000000
19,00006666666666666600666600000000
20,00007FDBDBDB7B1B1B1B1B1B00000000
21,007CC660386CC6C66C380CC67C000000
22,0000000000000000FEFEFEFE00000000
23,0000183C7E1818187E3C187E00000000
24,0000183C7E1818181818181800000000
25,0000181818181818187E3C1800000000
26,0000000000180CFE0C18000000000000
27,00000000003060FE6030000000000000
28,000000000000C0C0C0FE000000000000
29,00000000002466FF6624000000000000
30,000000001038387C7CFEFE0000000000
31,00000000FEFE7C7C3838100000000000
32,00000000000000000000000000000000
33,0000183C3C3C3C181800181800000000
34,00666666240000000000000000000000
35,00006C6C6CFE6C6CFE6C6C6C00000000
36,18187CC6C2C07C060686C67C18180000
37,00000000C2C60C183060C68600000000
38,0000386C6C3876DCCCCCCC7600000000
39,00303030600000000000000000000000
40,00000C18303030303030180C00000000
41,000030180C0C0C0C0C0C183000000000
42,0000000000663CFF3C66000000000000
43,000000000018187E1818000000000000
44,00000000000000000018181830000000
45,00000000000000FE0000000000000000
46,00000000000000000000181800000000
47,0000000002060C183060C08000000000
48,00007CC6C6C6D6D6C6C6C67C00000000
49,00001878181818181818187E00000000
50,00007CC6C6060C183060C6FE00000000
51,00007CC606063C060606C67C00000000
52,00000C1C3C6CCCCCFE0C0C1E00000000
53,0000FEC0C0C0FC060606C67C00000000
54,00007CC0C0C0FCC6C6C6C67C00000000
55,0000FEC6060C18303030303000000000
56,00007CC6C6C67CC6C6C6C67C00000000
57,00007CC6C6C6C67E0606067C00000000
58,00000000181800000018180000000000
59,00000000181800000018183000000000
60,000000060C18306030180C0600000000
61,000000000000FE00FE00000000000000
62,0000006030180C060C18306000000000
63,00007CC6C60C18181800181800000000
64,00007CC6C6C6DEDEDEDCC07E00000000
65,00007CC6C6C6C6FEC6C6C6C600000000
66,0000FC6666667C66666666FC00000000
67,00007CC6C2C0C0C0C0C2C67C00000000
68,0000FC6666666666666666FC00000000
69,0000FE6660647C64606066FE00000000
70,0000FE6660647C64606060F000000000
71,00007CC6C6C0C0DEC6C6C67A00000000
72,0000C6C6C6C6FEC6C6C6C6C600000000
73,00007E18181818181818187E00000000
74,00001E0C0C0C0C0CCCCCCC7800000000
75,0000C6C6CCD8F0F0D8CCC6C600000000
76,0000F06060606060606266FE00000000
77,0000C6EEFEFED6C6C6C6C6C600000000
78,0000C6C6E6E6F6DECECEC6C600000000
79,00007CC6C6C6C6C6C6C6C67C00000000
80,0000FC666666667C606060F000000000
81,00007CC6C6C6C6C6C6D6DE7C0C0E0000
82,0000FC6666667C6C666666E600000000
83,00007CC6C0C0701C0606C67C00000000
84,00007E5A181818181818183C00000000
85,0000C6C6C6C6C6C6C6C6C67C00000000
86,0000C6C6C6C6C6C6C66C381000000000
87,0000C6C6C6C6C6D6D6FEEEC600000000
88,0000C6C6C66C38386CC6C6C600000000
89,000066666666663C1818183C00000000
90,0000FEC6860C183060C2C6FE00000000
91,00003C30303030303030303C00000000
92,00000080C0E070381C0E060200000000
93,00003C0C0C0C0C0C0C0C0C3C00000000
94,0010386CC60000000000000000000000
95,00000000000000000000000000FF0000
96,00303018000000000000000000000000
97,0000000000780C7CCCCCCC7600000000
98,0000E060607C6666666666FC00000000
99,00000000007CC6C0C0C0C67C00000000
100,00001C0C0C7CCCCCCCCCCC7E00000000
101,00000000007CC6C6FEC0C67C00000000
102,00001C363030FC303030307800000000
103,000000000076CCCCCCCCCC7C0CCC7800
104,0000E060607C6666666666E600000000
105,00001818003818181818183C00000000
106,00000C0C001C0C0C0C0C0C0CCCCC7800
107,0000E06060666C78786C66E600000000
108,00003818181818181818183C00000000
109,0000000000ECFED6D6D6C6C600000000
110,0000000000DC66666666666600000000
111,00000000007CC6C6C6C6C67C00000000
112,0000000000DC66666666667C6060F000
113,000000000076CCCCCCCCCC7C0C0C1E00
114,0000000000DC7666606060F000000000
115,00000000007CC6C07C06C67C00000000
116,0000303030FC30303030361C00000000
117,0000000000CCCCCCCCCCCC7600000000
118,0000000000C6C6C6C66C381000000000
119,0000000000C6C6D6D6D6FE6C00000000
120,0000000000C6C66C386CC6C600000000
121,0000000000C6C6C6C6C6C67E060CF800
122,0000000000FE860C183062FE00000000
123,00000E18181870181818180E00000000
124,00001818181800181818181800000000
125,0000701818180E181818187000000000
126,000076DC000000000000000000000000
127,0000000010386CC6C6C6FE0000000000
128,00003C66C2C0C0C0C2663C0C067C0000
129,0000CC0000CCCCCCCCCCCC7600000000
130,000C1830007CC6C6FEC0C67C00000000
131,003078CC00780C7CCCCCCC7600000000
132,0000CC0000780C7CCCCCCC7600000000
133,0060301800780C7CCCCCCC7600000000
134,00386C3800780C7CCCCCCC7600000000
135,000000007CC6C0C0C67C180C6C380000
136,003078CC007CC6C6FEC0C67C00000000
137,0000CC00007CC6C6FEC0C67C00000000
138,00603018007CC6C6FEC0C67C00000000
139,00006600003818181818183C00000000
140,00183C66003818181818183C00000000
141,00603018003818181818183C00000000
142,00C6007CC6C6C6C6FEC6C6C600000000
143,386C38007CC6C6C6FEC6C6C600000000
144,0C183000FE66607C606066FE00000000
145,0000000066DB1B7FD8D8DF7600000000
146,00007ED8D8D8D8FED8D8D8DE00000000
147,003078CC007CC6C6C6C6C67C00000000
148,0000C600007CC6C6C6C6C67C00000000
149,00603018007CC6C6C6C6C67C00000000
150,003078CC00CCCCCCCCCCCC7600000000
151,0060301800CCCCCCCCCCCC7600000000
152,0000C60000C6C6C6C6C6C67E060CF800
153,00C6007CC6C6C6C6C6C6C67C00000000
154,00C600C6C6C6C6C6C6C6C67C00000000
155,000018187CC6C0C0C67C181800000000
156,00386C6460F060606060E6FC00000000
157,000000C3663C18FF18FF181818000000
158,00FCC6C6FCC0CCDECCCCCCC600000000
159,000E1B1818187E1818181818D8700000
160,000C183000780C7CCCCCDC7600000000
161,000C1830003818181818183C00000000
162,000C1830007CC6C6C6C6C67C00000000
163,0018306000CCCCCCCCCCCC7600000000
164,000076DC00DC66666666666600000000
165,76DC00C6E6F6FEDECEC6C6C600000000
166,003C6C6C3E007E000000000000000000
167,00386C6C38007C000000000000000000
168,000030300030303060C6C67C00000000
169,000000000000FEC0C0C0C00000000000
170,000000000000FE060606060000000000
171,00606062666C183060DCB60C183E0000
172,00606062666C183066CE963E06060000
173,000018180018183C3C3C3C1800000000
174,0000000000366CD86C36000000000000
175,0000000000D86C366CD8000000000000
176,11441144114411441144114411441144
177,AA55AA55AA55AA55AA55AA55AA55AA55
178,DD77DD77DD77DD77DD77DD77DD77DD77
179,18181818181818181818181818181818
180,18181818181818F81818181818181818
181,1818181818F818F81818181818181818
182,36363636363636F63636363636363636
183,00000000000000FE3636363636363636
184,0000000000F818F81818181818181818
185,3636363636F606F63636363636363636
186,36363636363636363636363636363636
187,0000000000FE06F63636363636363636
188,3636363636F606FE0000000000000000
189,36363636363636FE0000000000000000
190,1818181818F818F80000000000000000
191,00000000000000F81818181818181818
192,181818181818181F0000000000000000
193,18181818181818FF0000000000000000
194,00000000000000FF1818181818181818
195,181818181818181F1818181818181818
196,00000000000000FF0000000000000000
197,18181818181818FF1818181818181818
198,18181818181F181F1818181818181818
199,36363636363636373636363636363636
200,363636363637303F0000000000000000
201,00000000003F30373636363636363636
202,3636363636F700FF0000000000000000
203,0000000000FF00F73636363636363636
204,36363636363730373636363636363636
205,0000000000FF00FF0000000000000000
206,3636363636F700F73636363636363636
207,1818181818FF00FF0000000000000000
208,36363636363636FF0000000000000000
209,0000000000FF00FF1818181818181818
210,00000000000000FF3636363636363636
211,363636363636363F0000000000000000
212,18181818181F181F0000000000000000
213,00000000001F181F1818181818181818
214,000000000000003F3636363636363636
215,36363636363636FF3636363636363636
216,1818181818FF18FF1818181818181818
217,18181818181818F80000000000000000
218,000000000000001F1818181818181818
219,FFFFFFFFFFFFFFFFFFFFFFFFFFFFFFFF
220,0000000000000000FFFFFFFFFFFFFFFF
221,F0F0F0F0F0F0F0F0F0F0F0F0F0F0F0F0
222,0F0F0F0F0F0F0F0F0F0F0F0F0F0F0F0F
223,FFFFFFFFFFFFFFFF0000000000000000
224,000000000076DCD8D8D8DC7600000000
225,000078CCCCCCD8CCC6C6C6CC00000000
226,0000FEC6C6C0C0C0C0C0C0C000000000
227,00000000FE6C6C6C6C6C6C6C00000000
228,000000FEC66030183060C6FE00000000
229,00000000007ED8D8D8D8D87000000000
230,0000000066666666667C6060C0000000
231,0000000076DC18181818181800000000
232,0000007E183C6666663C187E00000000
233,000000386CC6C6FEC6C66C3800000000
234,0000386CC6C6C66C6C6C6CEE00000000
235,00001E30180C3E666666663C00000000
236,00000000007EDBDBDB7E000000000000
237,00000003067EDBDBF37E60C000000000
238,00001C3060607C606060301C00000000
239,0000007CC6C6C6C6C6C6C6C600000000
240,00000000FE0000FE0000FE0000000000
241,0000000018187E181800007E00000000
242,00000030180C060C1830007E00000000
243,0000000C18306030180C007E00000000
244,00000E1B1B1B18181818181818181818
245,1818181818181818D8D8D87000000000
246,000000001818007E0018180000000000
247,000000000076DC0076DC000000000000
248,000078CCCC7800000000000000000000
249,00000000000000181800000000000000
250,00000000000000001800000000000000
251,000F0C0C0C0C0CEC6C6C3C1C00000000
252,00D86C6C6C6C6C000000000000000000
253,0070D8183060F8000000000000000000
254,00000000007E7E7E7E7E7E0000000000
255,00000000000000000000000000000000
